solvent_SMILES,Actual_G_Score,Predicted_G_Score_OOF
O,7.290530601,3.984208583831787
CC(O)C(O)=O,6.817316199,5.996577262878418
CS(=O)(=O)O,6.026014284,6.389824867248535
OC=O,5.942291559,6.672242641448975
CC(O)=O,5.69194229,5.673666954040527
OCCCO,8.017689253,7.0406341552734375
CCCCC(CC)CO,7.892830805,7.335495948791504
CCCCCCCO,7.966815393,7.295034885406494
C(COCCOCCO)O,7.912788062,5.802270889282227
CC(O)CO,7.769734188,7.216183662414551
CC(C)CCO,7.517972635,7.30148458480835
CCCCCCCCO,7.395171101,7.570739269256592
OCC(O)CO,7.510065889,8.063492774963379
OCCCCO,7.512245219,8.095937728881836
OC1CCCCC1,7.544797014,5.461648464202881
CC(C)CO,6.928971304,7.480988025665283
CCCC(C)O,7.03670567,6.6129937171936035
CCCCCCO,7.099629658,7.6408162117004395
CCCCO,6.667198305,7.188689708709717
CCCO,6.618220577,6.205353260040283
CCC(C)O,6.531629641,6.479299068450928
CC(C)O,6.483723987,6.621412754058838
CCC(C)(C)O,6.551577495,6.4134955406188965
CC1(OCC(O1)CO)C,6.444301578,5.9485650062561035
CC(C)(C)O,6.325166102,6.188601493835449
CO,5.829381046,5.953857898712158
OCC1CCCO1,4.895522637,7.376393795013428
COCCO,4.28466534,7.1837992668151855
CC(=O)OCC(COC(C)=O)OC(C)=O,8.734750523,7.032516956329346
CC(=O)OCC(CO)OC(=O)C,7.970690293,7.58568811416626
CCCCCOC(C)=O,7.677314222,7.3951239585876465
CCCCC(CC)COC(C)=O,7.621543191,8.281454086303711
CCCCOC(C)=O,7.475563496,7.389248847961426
CCCCCCCCC=CCCCCCCCC(=O)OC,7.217220716,8.147223472595215
CC(C)CCOC(C)=O,7.262777158,7.202178478240967
CC(C)OC(C)=O,6.918528081,7.002823352813721
CCCOC(C)=O,7.103267715,6.867815017700195
COC(=O)CCC(=O)OC,6.958913916,6.052382946014404
CCOC(=O)C(C)O,6.41648155,7.304062843322754
CC1CCC(=O)O1,7.565643663,7.341930866241455
CC(C)OC(=O)CCCCC(=O)OC(C)C,7.425060931,7.943667888641357
COC(=O)C(C)O,7.101004119,6.63633918762207
CC(=O)OC(C)(C)C,6.273812103,6.311034202575684
CCOC=O,6.133722537,4.919053077697754
COC(C)=O,6.000085725,5.766005039215088
CCC(=O)OC,5.708071997,6.582902431488037
CCOC(=O)CC,5.344001655,6.8154072761535645
COC=O,5.138479593,5.419689178466797
CC1COC(=O)O1,8.758885072,7.982364654541016
O=C1OCCO1,8.028028353,7.497315406799316
CCOC(=O)OCC,7.204421748,5.905649662017822
COC(=O)OC,6.672298385,6.546847343444824
O=C1CCCC1,7.425060931,6.526889324188232
O=C1CCCCC1,7.237143884,7.3444905281066895
CCC(=O)CC,6.772844536,6.0158162117004395
CCCC(C)=O,6.408928348,6.8640666007995605
CCC(C)=O,5.914040526,6.103128433227539
CC(C)=O,5.875224322,6.27642822265625
CC1=CC(=NC(=C1)C)C,7.708888124,5.786767482757568
CCOc1ccccc1,7.224734265,5.546807765960693
Cc1ccc(C)cc1,5.91887268,6.262088298797607
Cc1cc(C)cc(C)c1,6.141544447,7.319711208343506
CC(C)c1ccccc1,5.873741834,6.387917995452881
Cc1ccccc1,5.960945133,6.59925651550293
Cc1ccc(F)c(F)c1F,5.503246682,6.149296283721924
C1=CC=NC=C1,4.989379123,4.246592998504639
c1ccccc1,3.734104563,5.106243133544922
CCCCCC(C)C,5.404135624,4.846836090087891
CCCCCCC,5.576597483,5.008071422576904
C1CCCCC1,5.301001059,5.344430923461914
CC(=C)C1CCC(=CC1)C,5.545595986,6.270848751068115
CC1CCCCC1,4.955614218,5.375722885131836
CC1CCCC1,5.411027143,4.7209038734436035
CCCCC,4.949232004,4.977941513061523
CCCC(C)C,4.910543914,5.500380516052246
CCCCCC,4.752551841,5.367729663848877
CCCC(C)C,4.047310857,5.500380516052246
CCCCOCCOCCO,7.157136258,7.995991230010986
CCCCOCCCC,6.222963956,5.408505916595459
CCC(C)(C)OC,6.067673641,5.202829360961914
COCC(COC)OC,6.04583193,4.537900447845459
O(c1ccccc1)c2ccccc2,5.820580332,5.983889579772949
CCOC(C)(C)C,5.379308198,5.782620429992676
C1COCO1,4.848779122,4.238176345825195
COC1CCCC1,4.879258481,4.506568431854248
CCOCOCC,4.826446382,4.668937683105469
COC(C)(C)C,5.230324158,5.119861602783203
COCOC,4.946825967,4.496621608734131
C1CCOC1,4.791385177,4.6879096031188965
C1COCCO1,4.089319931,4.771134376525879
CCOCC,4.145948427,5.270352840423584
COCCOC,4.121645257,4.497629642486572
COC,4.195610963,4.82797384262085
O=C1N(C)CCCN1C,6.777928591,6.93585205078125
CS(=O)C,6.403862844,5.080593585968018
C1CCS(=O)(=O)C1,5.613440731,6.105833530426025
NC=O,5.517305453,5.6297478675842285
CN1CCCC1=O,5.493874744,6.120220184326172
CN(C)C(C)=O,5.424772821,6.186057090759277
CCN1CCCC1=O,5.342751833,6.1306891441345215
CNC=O,5.181556466,5.563380241394043
CN(C)C=O,5.021168166,5.167243003845215
CN(C)C(=O)N(C)C,4.487043039,6.396724700927734
S=C=S,3.104154377,5.7242817878723145
Clc1ccc(Cl)c(Cl)c1,5.420562621,5.816771030426025
Clc1ccccc1,5.42716983,4.7935471534729
Clc1ccccc1Cl,5.414848002,5.398197174072266
ClC(Cl)(Cl)C#N,4.740441755,4.270159721374512
Fc1c(F)c(F)c(c(F)c1F)C(F)(F)F,4.375723876,5.736522674560547
Fc1ccccc1,4.383434911,5.112454891204834
ClCCCl,4.304491172,4.271267890930176
FC1(F)C(F)(F)C(F)(F)C(F)(F)C(F)(F)C1(F)F,4.347004256,3.984208583831787
ClC(Cl)Cl,4.401525213,4.97471284866333
OC(=O)C(Cl)(Cl)Cl,4.434904744,4.423910140991211
OC(=O)CCl,4.140608962,5.450102806091309
OC(=O)C(F)(F)F,3.876569409,4.796607971191406
FC(F)(F)C(F)(F)C(F)(F)C(F)(F)C(F)(F)C(F)(F)F,3.814255242,4.238565444946289
O=Cc1occc1,6.62794323,5.843008518218994
CCCCCCCCCC(=O)N(C)C,7.675628363,6.36337423324585
C1CC(=O)C2OCC1O2,6.857030662,8.011289596557617
CCCCCCCC(=O)N(C)C,6.342552231,7.547027111053467
CN(C)c1ccccc1,5.963674005,5.698410511016846
CC(=O)OC(C)=O,5.748158464,5.898492336273193
