orig_smiles,canonical,formal_charge,donor_atom_count,quaternary_onium_center,keep,exclusion_reason
C(C(C(C(C(CO)O)O)O)O)O,OCC(O)C(O)C(O)C(O)CO,0,6,False,True,
C1=CC=C(C=C1)CC(=O)O,O=C(O)Cc1ccccc1,0,2,False,True,
C1=CN=CN1,c1c[nH]cn1,0,2,False,True,
C1CCC(CC1)C(=O)O,O=C(O)C1CCCCC1,0,2,False,True,
C1CCC(CC1)CCC(=O)O,O=C(O)CCC1CCCCC1,0,2,False,True,
C1CSCCS1,C1CSCCS1,0,2,False,True,
C1CSCSC1,C1CSCSC1,0,2,False,True,
C=C(C)C1CC=C(C)CC1,C=C(C)C1CC=C(C)CC1,0,0,False,True,
C=C(CC(=O)O)C(=O)O,C=C(CC(=O)O)C(=O)O,0,4,False,True,
C=CCCCCCCCCC(=O)O,C=CCCCCCCCCC(=O)O,0,2,False,True,
C=CC[P+](c1ccccc1)(c1ccccc1)c1ccccc1,C=CC[P+](c1ccccc1)(c1ccccc1)c1ccccc1,1,1,True,False,"quaternary onium cation (N+/P+, all-C substituents, no H) with no additional donor heteroatoms - not a plausible Co/Ni ligand"
CC(=O)C(=O)O,CC(=O)C(=O)O,0,3,False,True,
CC(=O)CCC(=O)O,CC(=O)CCC(=O)O,0,3,False,True,
CC(=O)Nc1ccc(O)cc1,CC(=O)Nc1ccc(O)cc1,0,3,False,True,
CC(=O)O,CC(=O)O,0,2,False,True,
CC(=O)OCC[N+](C)(C)C,CC(=O)OCC[N+](C)(C)C,1,3,True,True,
CC(=O)Oc1ccccc1C(=O)O,CC(=O)Oc1ccccc1C(=O)O,0,4,False,True,
CC(=O)[O-],CC(=O)[O-],-1,2,False,True,
CC(C(=O)O)c1cccc(C(=O)c2ccccc2)c1,CC(C(=O)O)c1cccc(C(=O)c2ccccc2)c1,0,3,False,True,
CC(C)Cc1ccc(C(C)C(=O)O)cc1,CC(C)Cc1ccc(C(C)C(=O)O)cc1,0,2,False,True,
CC(C)NCC(O)COc1cccc2ccccc12,CC(C)NCC(O)COc1cccc2ccccc12,0,3,False,True,
CC(C)[C@@H]1CC[C@@H](C)C[C@H]1O,CC(C)[C@@H]1CC[C@@H](C)C[C@H]1O,0,1,False,True,
CC(N)=O,CC(N)=O,0,2,False,True,
CC(O)C(=O)O,CC(O)C(=O)O,0,3,False,True,
CC(O)CC(C)(C)O,CC(O)CC(C)(C)O,0,2,False,True,
CC(O)CO,CC(O)CO,0,2,False,True,
CC1(C)[C@@H]2CC[C@@]1(C)C(=O)C2,CC1(C)[C@@H]2CC[C@@]1(C)C(=O)C2,0,1,False,True,
CC12CCC(CC1)C(C)(C)O2,CC12CCC(CC1)C(C)(C)O2,0,1,False,True,
CC12CCC(CC1=O)C2(C)C,CC12CCC(CC1=O)C2(C)C,0,1,False,True,
CC1CCC(C(C)C)C(O)C1,CC1CCC(C(C)C)C(O)C1,0,1,False,True,
CC1CCC(C(C1)O)C(C)C,CC1CCC(C(C)C)C(O)C1,0,1,False,True,
CCC(=O)O,CCC(=O)O,0,2,False,True,
CCCC(=O)O,CCCC(=O)O,0,2,False,True,
CCCCC(=O)O,CCCCC(=O)O,0,2,False,True,
CCCCC/C=C\C/C=C\CCCCCCCC(=O)O,CCCCC/C=C\C/C=C\CCCCCCCC(=O)O,0,2,False,True,
CCCCCC(=O)O,CCCCCC(=O)O,0,2,False,True,
CCCCCCCC(=O)O,CCCCCCCC(=O)O,0,2,False,True,
CCCCCCCC/C=C\CCCCCCCC(=O)O,CCCCCCCC/C=C\CCCCCCCC(=O)O,0,2,False,True,
CCCCCCCCC(=O)O,CCCCCCCCC(=O)O,0,2,False,True,
CCCCCCCCCC(=O)O,CCCCCCCCCC(=O)O,0,2,False,True,
CCCCCCCCCCCC(=O)O,CCCCCCCCCCCC(=O)O,0,2,False,True,
CCCCCCCCCCCCCC(=O)O,CCCCCCCCCCCCCC(=O)O,0,2,False,True,
CCCCCCCCCCCCCCCC(=O)O,CCCCCCCCCCCCCCCC(=O)O,0,2,False,True,
CCCCCCCCCCCCCCCCCC(=O)O,CCCCCCCCCCCCCCCCCC(=O)O,0,2,False,True,
CCCCCCCCCCCCCCCCCCO,CCCCCCCCCCCCCCCCCCO,0,1,False,True,
CCCCCCCCCCCCCCCCO,CCCCCCCCCCCCCCCCO,0,1,False,True,
CCCCCCCCCCCCCCO,CCCCCCCCCCCCCCO,0,1,False,True,
CCCCCCCCCCCC[N+](C)(C)CCCCCCCCCCCC,CCCCCCCCCCCC[N+](C)(C)CCCCCCCCCCCC,1,1,True,False,"quaternary onium cation (N+/P+, all-C substituents, no H) with no additional donor heteroatoms - not a plausible Co/Ni ligand"
CCCCCCCCCCO,CCCCCCCCCCO,0,1,False,True,
CCCCCCCCP(=O)(CCCCCCCC)CCCCCCCC,CCCCCCCCP(=O)(CCCCCCCC)CCCCCCCC,0,2,False,True,
CCCCCCCC[N+](C)(CCCCCCCC)CCCCCCCC,CCCCCCCC[N+](C)(CCCCCCCC)CCCCCCCC,1,1,True,False,"quaternary onium cation (N+/P+, all-C substituents, no H) with no additional donor heteroatoms - not a plausible Co/Ni ligand"
CCCCCCCC[N+](CCCCCCCC)(CCCCCCCC)CCCCCCCC,CCCCCCCC[N+](CCCCCCCC)(CCCCCCCC)CCCCCCCC,1,1,True,False,"quaternary onium cation (N+/P+, all-C substituents, no H) with no additional donor heteroatoms - not a plausible Co/Ni ligand"
CCCCCCC[N+](CCCCCCC)(CCCCCCC)CCCCCCC,CCCCCCC[N+](CCCCCCC)(CCCCCCC)CCCCCCC,1,1,True,False,"quaternary onium cation (N+/P+, all-C substituents, no H) with no additional donor heteroatoms - not a plausible Co/Ni ligand"
CCCCC[N+](CCCCC)(CCCCC)CCCCC,CCCCC[N+](CCCCC)(CCCCC)CCCCC,1,1,True,False,"quaternary onium cation (N+/P+, all-C substituents, no H) with no additional donor heteroatoms - not a plausible Co/Ni ligand"
CCCCNc1ccc(C(=O)OCCN(C)C)cc1,CCCCNc1ccc(C(=O)OCCN(C)C)cc1,0,4,False,True,
CCCC[N+](C)(C)C,CCCC[N+](C)(C)C,1,1,True,False,"quaternary onium cation (N+/P+, all-C substituents, no H) with no additional donor heteroatoms - not a plausible Co/Ni ligand"
CCCC[N+](CCCC)(CCCC)CCCC,CCCC[N+](CCCC)(CCCC)CCCC,1,1,True,False,"quaternary onium cation (N+/P+, all-C substituents, no H) with no additional donor heteroatoms - not a plausible Co/Ni ligand"
CCCC[N+]1(C)CCCC1,CCCC[N+]1(C)CCCC1,1,1,True,False,"quaternary onium cation (N+/P+, all-C substituents, no H) with no additional donor heteroatoms - not a plausible Co/Ni ligand"
CCCC[P+](c1ccccc1)(c1ccccc1)c1ccccc1,CCCC[P+](c1ccccc1)(c1ccccc1)c1ccccc1,1,1,True,False,"quaternary onium cation (N+/P+, all-C substituents, no H) with no additional donor heteroatoms - not a plausible Co/Ni ligand"
CCCC[n+]1ccccc1,CCCC[n+]1ccccc1,1,1,False,True,
CCCC[n+]1nn(CC)c2ccccc21,CCCC[n+]1nn(CC)c2ccccc21,1,3,False,True,
CCCNC(C)C(=O)Nc1ccccc1C,CCCNC(C)C(=O)Nc1ccccc1C,0,3,False,True,
CCC[N+](CCC)(CCC)CCC,CCC[N+](CCC)(CCC)CCC,1,1,True,False,"quaternary onium cation (N+/P+, all-C substituents, no H) with no additional donor heteroatoms - not a plausible Co/Ni ligand"
CCC[N+](CCC)(CCC)Cc1ccccc1,CCC[N+](CCC)(CCC)Cc1ccccc1,1,1,True,False,"quaternary onium cation (N+/P+, all-C substituents, no H) with no additional donor heteroatoms - not a plausible Co/Ni ligand"
CCN(CC)CC(=O)Nc1c(C)cccc1C,CCN(CC)CC(=O)Nc1c(C)cccc1C,0,3,False,True,
CCN(CC)CCOC(=O)C(c1ccccc1)c1ccccc1,CCN(CC)CCOC(=O)C(c1ccccc1)c1ccccc1,0,3,False,True,
CC[N+](CC)(CC)CC,CC[N+](CC)(CC)CC,1,1,True,False,"quaternary onium cation (N+/P+, all-C substituents, no H) with no additional donor heteroatoms - not a plausible Co/Ni ligand"
CC[N+](CC)(CC)Cc1ccccc1,CC[N+](CC)(CC)Cc1ccccc1,1,1,True,False,"quaternary onium cation (N+/P+, all-C substituents, no H) with no additional donor heteroatoms - not a plausible Co/Ni ligand"
CC[NH+](CC)CCO,CC[NH+](CC)CCO,1,2,False,True,
CC[NH3+],CC[NH3+],1,1,False,True,
CCn1cc[n+](C)c1,CCn1cc[n+](C)c1,1,2,False,True,
CN(C)C(N)=O,CN(C)C(N)=O,0,3,False,True,
CN(C)[C@@H]1C(=O)C(C(N)=O)=C(O)[C@@]2(O)C(=O)C3=C(O)c4c(O)cccc4[C@@](C)(O)[C@H]3C[C@@H]12,CN(C)[C@@H]1C(=O)C(C(N)=O)=C(O)[C@@]2(O)C(=O)C3=C(O)c4c(O)cccc4[C@@](C)(O)[C@H]3C[C@@H]12,0,10,False,True,
CN/C(=C\[N+](=O)[O-])NCCSCc1ccc(CN(C)C)o1,CN/C(=C\[N+](=O)[O-])NCCSCc1ccc(CN(C)C)o1,0,8,False,True,
CNC(=O)NC,CNC(=O)NC,0,3,False,True,
CNC(N)=O,CNC(N)=O,0,3,False,True,
COCC[N+](C)(C)C,COCC[N+](C)(C)C,1,2,True,True,
CS(=O)(=O)[O-],CS(=O)(=O)[O-],-1,4,False,True,
CSCC[C@H](N)C(=O)O,CSCC[C@H](N)C(=O)O,0,4,False,True,
C[C@@H](O)[C@H](N)C(=O)O,C[C@@H](O)[C@H](N)C(=O)O,0,4,False,True,
C[C@]12CC[C@H]3[C@@H](CCC4=CC(=O)CC[C@@]43C)[C@@H]1CC[C@@H]2O,C[C@]12CC[C@H]3[C@@H](CCC4=CC(=O)CC[C@@]43C)[C@@H]1CC[C@@H]2O,0,2,False,True,
C[N+](C)(C)C,C[N+](C)(C)C,1,1,True,False,"quaternary onium cation (N+/P+, all-C substituents, no H) with no additional donor heteroatoms - not a plausible Co/Ni ligand"
C[N+](C)(C)CC(=O)[O-],C[N+](C)(C)CC(=O)[O-],0,3,True,True,
C[N+](C)(C)CCCl,C[N+](C)(C)CCCl,1,2,True,True,
C[N+](C)(C)CCF,C[N+](C)(C)CCF,1,2,True,True,
C[N+](C)(C)CCO,C[N+](C)(C)CCO,1,2,True,True,
C[N+](C)(C)C[C@H](O)CC(=O)[O-],C[N+](C)(C)C[C@H](O)CC(=O)[O-],0,4,True,True,
C[N+](C)(C)Cc1ccccc1,C[N+](C)(C)Cc1ccccc1,1,1,True,False,"quaternary onium cation (N+/P+, all-C substituents, no H) with no additional donor heteroatoms - not a plausible Co/Ni ligand"
C[N+](C)(CCO)Cc1ccccc1,C[N+](C)(CCO)Cc1ccccc1,1,2,True,True,
C[N+](CCO)(CCO)Cc1ccccc1,C[N+](CCO)(CCO)Cc1ccccc1,1,3,True,True,
C[P+](c1ccccc1)(c1ccccc1)c1ccccc1,C[P+](c1ccccc1)(c1ccccc1)c1ccccc1,1,1,True,False,"quaternary onium cation (N+/P+, all-C substituents, no H) with no additional donor heteroatoms - not a plausible Co/Ni ligand"
C[S+](C)C,C[S+](C)C,1,1,False,True,
C[n+]1ccn(CCO)c1,C[n+]1ccn(CCO)c1,1,3,False,True,
Cc1cc(C)c(O)c(C)c1,Cc1cc(C)c(O)c(C)c1,0,1,False,True,
Cc1cc(O)c(C(C)C)cc1Cl,Cc1cc(O)c(C(C)C)cc1Cl,0,2,False,True,
Cc1ccc(C(C)C)c(O)c1,Cc1ccc(C(C)C)c(O)c1,0,1,False,True,
Cc1ccc(C(C)C)cc1O,Cc1ccc(C(C)C)cc1O,0,1,False,True,
Cc1ccc(O)cc1C,Cc1ccc(O)cc1C,0,1,False,True,
Cc1ccc(S(=O)(=O)O)cc1,Cc1ccc(S(=O)(=O)O)cc1,0,4,False,True,
Cc1cccc(O)c1C,Cc1cccc(O)c1C,0,1,False,True,
Cc1ccccc1O,Cc1ccccc1O,0,1,False,True,
Clc1ccccc1C[NH+]1CCc2sccc2C1,Clc1ccccc1C[NH+]1CCc2sccc2C1,1,3,False,True,
Cn1cc[n+](CCC2=CC[C@H]3C[C@@H]2C3(C)C)c1,Cn1cc[n+](CCC2=CC[C@H]3C[C@@H]2C3(C)C)c1,1,2,False,True,
F[P-](F)(F)(F)(F)F,F[P-](F)(F)(F)(F)F,-1,7,False,True,
Fc1c(F)c(F)c(I)c(I)c1F,Fc1c(F)c(F)c(I)c(I)c1F,0,6,False,True,
Fc1c(F)c(I)c(F)c(F)c1I,Fc1c(F)c(I)c(F)c(F)c1I,0,6,False,True,
Fc1c(F)c(I)c(F)c(I)c1F,Fc1c(F)c(I)c(F)c(I)c1F,0,6,False,True,
Fc1c(I)c(F)c(I)c(F)c1I,Fc1c(I)c(F)c(I)c(F)c1I,0,6,False,True,
N#C[S-],N#C[S-],-1,2,False,True,
N#Cc1ccc(O)cc1,N#Cc1ccc(O)cc1,0,2,False,True,
NC(=O)C(F)(F)F,NC(=O)C(F)(F)F,0,5,False,True,
NC(=O)c1ccccc1,NC(=O)c1ccccc1,0,2,False,True,
NC(=O)c1cccnc1,NC(=O)c1cccnc1,0,3,False,True,
NC(N)=NC(N)=NCCc1ccccc1,NC(N)=NC(N)=NCCc1ccccc1,0,5,False,True,
NC(N)=NCCC[C@H](N)C(=O)O,NC(N)=NCCC[C@H](N)C(=O)O,0,6,False,True,
NC(N)=O,NC(N)=O,0,3,False,True,
NC(N)=S,NC(N)=S,0,3,False,True,
NC=O,NC=O,0,2,False,True,
NCCO,NCCO,0,2,False,True,
N[C@@H](CC(=O)O)C(=O)O,N[C@@H](CC(=O)O)C(=O)O,0,5,False,True,
N[C@@H](CCC(=O)O)C(=O)O,N[C@@H](CCC(=O)O)C(=O)O,0,5,False,True,
N[C@@H](CO)C(=O)O,N[C@@H](CO)C(=O)O,0,4,False,True,
Nc1ccc(S(=O)(=O)Nc2nccs2)cc1,Nc1ccc(S(=O)(=O)Nc2nccs2)cc1,0,7,False,True,
O,O,0,1,False,True,
O=C(O)/C=C/c1ccc(O)c(O)c1,O=C(O)/C=C/c1ccc(O)c(O)c1,0,4,False,True,
O=C(O)C(=O)O,O=C(O)C(=O)O,0,4,False,True,
O=C(O)C(O)(c1ccccc1)c1ccccc1,O=C(O)C(O)(c1ccccc1)c1ccccc1,0,3,False,True,
O=C(O)C(O)C(O)C(=O)O,O=C(O)C(O)C(O)C(=O)O,0,6,False,True,
O=C(O)C1CCCCC1,O=C(O)C1CCCCC1,0,2,False,True,
O=C(O)CC(=O)O,O=C(O)CC(=O)O,0,4,False,True,
O=C(O)CC(CC(=O)O)C(=O)O,O=C(O)CC(CC(=O)O)C(=O)O,0,6,False,True,
O=C(O)CC(O)(CC(=O)O)C(=O)O,O=C(O)CC(O)(CC(=O)O)C(=O)O,0,7,False,True,
O=C(O)CC(O)C(=O)O,O=C(O)CC(O)C(=O)O,0,5,False,True,
O=C(O)CC1CCCCC1,O=C(O)CC1CCCCC1,0,2,False,True,
O=C(O)CCC(=O)O,O=C(O)CCC(=O)O,0,4,False,True,
O=C(O)CCC1CCCCC1,O=C(O)CCC1CCCCC1,0,2,False,True,
O=C(O)CCCC(=O)O,O=C(O)CCCC(=O)O,0,4,False,True,
O=C(O)CCCCC(=O)O,O=C(O)CCCCC(=O)O,0,4,False,True,
O=C(O)CCCCCC(=O)O,O=C(O)CCCCCC(=O)O,0,4,False,True,
O=C(O)CCCCCCC(=O)O,O=C(O)CCCCCCC(=O)O,0,4,False,True,
O=C(O)CCCCc1ccccc1,O=C(O)CCCCc1ccccc1,0,2,False,True,
O=C(O)CCCc1ccccc1,O=C(O)CCCc1ccccc1,0,2,False,True,
O=C(O)CCc1ccccc1,O=C(O)CCc1ccccc1,0,2,False,True,
O=C(O)CO,O=C(O)CO,0,3,False,True,
O=C(O)Cc1ccccc1,O=C(O)Cc1ccccc1,0,2,False,True,
O=C(O)c1cc(O)c(O)c(O)c1,O=C(O)c1cc(O)c(O)c(O)c1,0,5,False,True,
O=C(O)c1ccc(O)cc1,O=C(O)c1ccc(O)cc1,0,3,False,True,
O=C(O)c1ccccc1,O=C(O)c1ccccc1,0,2,False,True,
O=C(O)c1ccccc1O,O=C(O)c1ccccc1O,0,3,False,True,
O=C(Oc1ccccc1)c1ccccc1O,O=C(Oc1ccccc1)c1ccccc1O,0,3,False,True,
O=S(=O)([N-]S(=O)(=O)C(F)(F)F)C(F)(F)F,O=S(=O)([N-]S(=O)(=O)C(F)(F)F)C(F)(F)F,-1,13,False,True,
O=S(=O)([O-])O,O=S(=O)([O-])O,-1,5,False,True,
OB(O)O,OB(O)O,0,3,False,True,
OC(C(F)(F)F)C(F)(F)F,OC(C(F)(F)F)C(F)(F)F,0,7,False,True,
OC1OC[C@@H](O)[C@H](O)[C@H]1O,OC1OC[C@@H](O)[C@H](O)[C@H]1O,0,5,False,True,
OC1OC[C@H](O)[C@H](O)[C@H]1O,OC1OC[C@H](O)[C@H](O)[C@H]1O,0,5,False,True,
OCC(O)CO,OCC(O)CO,0,3,False,True,
OCC1(O)OC[C@@H](O)[C@@H](O)[C@@H]1O,OCC1(O)OC[C@@H](O)[C@@H](O)[C@@H]1O,0,6,False,True,
OCCCCO,OCCCCO,0,2,False,True,
OCCN(CCO)CCO,OCCN(CCO)CCO,0,4,False,True,
OCCNCCO,OCCNCCO,0,3,False,True,
OCCO,OCCO,0,2,False,True,
OCCOCCOCCO,OCCOCCOCCO,0,4,False,True,
OC[C@@H](O)C(O)[C@@H](O)CO,OC[C@@H](O)C(O)[C@@H](O)CO,0,5,False,True,
OC[C@@H](O)[C@@H](O)CO,OC[C@@H](O)[C@@H](O)CO,0,4,False,True,
OC[C@@H](O)[C@@H](O)[C@H](O)[C@@H](O)CO,OC[C@@H](O)[C@@H](O)[C@H](O)[C@@H](O)CO,0,6,False,True,
OC[C@@H](O)[C@@H](O)[C@H](O)[C@H](O)CO,OC[C@@H](O)[C@@H](O)[C@H](O)[C@H](O)CO,0,6,False,True,
OC[C@H](O)[C@@H](O)[C@H](O)CO,OC[C@@H](O)[C@H](O)[C@@H](O)CO,0,5,False,True,
OC[C@H](O)[C@H](O)CO,OC[C@@H](O)[C@@H](O)CO,0,4,False,True,
OC[C@H]1OC(O)[C@@H](O)[C@@H](O)[C@@H]1O,OC[C@H]1OC(O)[C@@H](O)[C@@H](O)[C@@H]1O,0,6,False,True,
OC[C@H]1OC(O)[C@H](O)[C@@H](O)[C@@H]1O,OC[C@H]1OC(O)[C@H](O)[C@@H](O)[C@@H]1O,0,6,False,True,
OC[C@H]1O[C@@](CO)(O[C@H]2O[C@H](CO)[C@@H](O)[C@H](O)[C@H]2O)[C@@H](O)[C@@H]1O,OC[C@H]1O[C@@](CO)(O[C@H]2O[C@H](CO)[C@@H](O)[C@H](O)[C@H]2O)[C@@H](O)[C@@H]1O,0,11,False,True,
OCc1ccco1,OCc1ccco1,0,2,False,True,
Oc1ccc(-c2ccccc2)cc1,Oc1ccc(-c2ccccc2)cc1,0,1,False,True,
Oc1ccc(O)cc1,Oc1ccc(O)cc1,0,2,False,True,
Oc1ccccc1,Oc1ccccc1,0,1,False,True,
[Br-],[Br-],-1,1,False,True,
[Cl-],[Cl-],-1,1,False,True,
[NH4+],[NH4+],1,1,False,True,
c1c[nH]cn1,c1c[nH]cn1,0,2,False,True,
c1cnc2c(c1)ccc1cccnc12,c1cnc2c(c1)ccc1cccnc12,0,2,False,True,
