SMILES,ligand_smiles
OCC(O)C(O)C(O)C(O)CO.[Co+2],OCC(O)C(O)C(O)C(O)CO
O=C(O)Cc1ccccc1.[Co+2],O=C(O)Cc1ccccc1
c1c[nH]cn1.[Co+2],c1c[nH]cn1
O=C(O)C1CCCCC1.[Co+2],O=C(O)C1CCCCC1
O=C(O)CCC1CCCCC1.[Co+2],O=C(O)CCC1CCCCC1
C1CSCCS1.[Co+2],C1CSCCS1
C1CSCSC1.[Co+2],C1CSCSC1
C=C(C)C1CC=C(C)CC1.[Co+2],C=C(C)C1CC=C(C)CC1
C=C(CC(=O)O)C(=O)O.[Co+2],C=C(CC(=O)O)C(=O)O
C=CCCCCCCCCC(=O)O.[Co+2],C=CCCCCCCCCC(=O)O
CC(=O)C(=O)O.[Co+2],CC(=O)C(=O)O
CC(=O)CCC(=O)O.[Co+2],CC(=O)CCC(=O)O
CC(=O)Nc1ccc(O)cc1.[Co+2],CC(=O)Nc1ccc(O)cc1
CC(=O)O.[Co+2],CC(=O)O
CC(=O)OCC[N+](C)(C)C.[Co+2],CC(=O)OCC[N+](C)(C)C
CC(=O)Oc1ccccc1C(=O)O.[Co+2],CC(=O)Oc1ccccc1C(=O)O
CC(=O)[O-].[Co+2],CC(=O)[O-]
CC(C(=O)O)c1cccc(C(=O)c2ccccc2)c1.[Co+2],CC(C(=O)O)c1cccc(C(=O)c2ccccc2)c1
CC(C)Cc1ccc(C(C)C(=O)O)cc1.[Co+2],CC(C)Cc1ccc(C(C)C(=O)O)cc1
CC(C)NCC(O)COc1cccc2ccccc12.[Co+2],CC(C)NCC(O)COc1cccc2ccccc12
CC(C)[C@@H]1CC[C@@H](C)C[C@H]1O.[Co+2],CC(C)[C@@H]1CC[C@@H](C)C[C@H]1O
CC(N)=O.[Co+2],CC(N)=O
CC(O)C(=O)O.[Co+2],CC(O)C(=O)O
CC(O)CC(C)(C)O.[Co+2],CC(O)CC(C)(C)O
CC(O)CO.[Co+2],CC(O)CO
CC1(C)[C@@H]2CC[C@@]1(C)C(=O)C2.[Co+2],CC1(C)[C@@H]2CC[C@@]1(C)C(=O)C2
CC12CCC(CC1)C(C)(C)O2.[Co+2],CC12CCC(CC1)C(C)(C)O2
CC12CCC(CC1=O)C2(C)C.[Co+2],CC12CCC(CC1=O)C2(C)C
CC1CCC(C(C)C)C(O)C1.[Co+2],CC1CCC(C(C)C)C(O)C1
CC1CCC(C(C)C)C(O)C1.[Co+2],CC1CCC(C(C)C)C(O)C1
CCC(=O)O.[Co+2],CCC(=O)O
CCCC(=O)O.[Co+2],CCCC(=O)O
CCCCC(=O)O.[Co+2],CCCCC(=O)O
CCCCC/C=C\C/C=C\CCCCCCCC(=O)O.[Co+2],CCCCC/C=C\C/C=C\CCCCCCCC(=O)O
CCCCCC(=O)O.[Co+2],CCCCCC(=O)O
CCCCCCCC(=O)O.[Co+2],CCCCCCCC(=O)O
CCCCCCCC/C=C\CCCCCCCC(=O)O.[Co+2],CCCCCCCC/C=C\CCCCCCCC(=O)O
CCCCCCCCC(=O)O.[Co+2],CCCCCCCCC(=O)O
CCCCCCCCCC(=O)O.[Co+2],CCCCCCCCCC(=O)O
CCCCCCCCCCCC(=O)O.[Co+2],CCCCCCCCCCCC(=O)O
CCCCCCCCCCCCCC(=O)O.[Co+2],CCCCCCCCCCCCCC(=O)O
CCCCCCCCCCCCCCCC(=O)O.[Co+2],CCCCCCCCCCCCCCCC(=O)O
CCCCCCCCCCCCCCCCCC(=O)O.[Co+2],CCCCCCCCCCCCCCCCCC(=O)O
CCCCCCCCCCCCCCCCCCO.[Co+2],CCCCCCCCCCCCCCCCCCO
CCCCCCCCCCCCCCCCO.[Co+2],CCCCCCCCCCCCCCCCO
CCCCCCCCCCCCCCO.[Co+2],CCCCCCCCCCCCCCO
CCCCCCCCCCO.[Co+2],CCCCCCCCCCO
CCCCCCCCP(=O)(CCCCCCCC)CCCCCCCC.[Co+2],CCCCCCCCP(=O)(CCCCCCCC)CCCCCCCC
CCCCNc1ccc(C(=O)OCCN(C)C)cc1.[Co+2],CCCCNc1ccc(C(=O)OCCN(C)C)cc1
CCCC[n+]1ccccc1.[Co+2],CCCC[n+]1ccccc1
CCCC[n+]1nn(CC)c2ccccc21.[Co+2],CCCC[n+]1nn(CC)c2ccccc21
CCCNC(C)C(=O)Nc1ccccc1C.[Co+2],CCCNC(C)C(=O)Nc1ccccc1C
CCN(CC)CC(=O)Nc1c(C)cccc1C.[Co+2],CCN(CC)CC(=O)Nc1c(C)cccc1C
CCN(CC)CCOC(=O)C(c1ccccc1)c1ccccc1.[Co+2],CCN(CC)CCOC(=O)C(c1ccccc1)c1ccccc1
CC[NH+](CC)CCO.[Co+2],CC[NH+](CC)CCO
CC[NH3+].[Co+2],CC[NH3+]
CCn1cc[n+](C)c1.[Co+2],CCn1cc[n+](C)c1
CN(C)C(N)=O.[Co+2],CN(C)C(N)=O
CN(C)[C@@H]1C(=O)C(C(N)=O)=C(O)[C@@]2(O)C(=O)C3=C(O)c4c(O)cccc4[C@@](C)(O)[C@H]3C[C@@H]12.[Co+2],CN(C)[C@@H]1C(=O)C(C(N)=O)=C(O)[C@@]2(O)C(=O)C3=C(O)c4c(O)cccc4[C@@](C)(O)[C@H]3C[C@@H]12
CN/C(=C\[N+](=O)[O-])NCCSCc1ccc(CN(C)C)o1.[Co+2],CN/C(=C\[N+](=O)[O-])NCCSCc1ccc(CN(C)C)o1
CNC(=O)NC.[Co+2],CNC(=O)NC
CNC(N)=O.[Co+2],CNC(N)=O
COCC[N+](C)(C)C.[Co+2],COCC[N+](C)(C)C
CS(=O)(=O)[O-].[Co+2],CS(=O)(=O)[O-]
CSCC[C@H](N)C(=O)O.[Co+2],CSCC[C@H](N)C(=O)O
C[C@@H](O)[C@H](N)C(=O)O.[Co+2],C[C@@H](O)[C@H](N)C(=O)O
C[C@]12CC[C@H]3[C@@H](CCC4=CC(=O)CC[C@@]43C)[C@@H]1CC[C@@H]2O.[Co+2],C[C@]12CC[C@H]3[C@@H](CCC4=CC(=O)CC[C@@]43C)[C@@H]1CC[C@@H]2O
C[N+](C)(C)CC(=O)[O-].[Co+2],C[N+](C)(C)CC(=O)[O-]
C[N+](C)(C)CCCl.[Co+2],C[N+](C)(C)CCCl
C[N+](C)(C)CCF.[Co+2],C[N+](C)(C)CCF
C[N+](C)(C)CCO.[Co+2],C[N+](C)(C)CCO
C[N+](C)(C)C[C@H](O)CC(=O)[O-].[Co+2],C[N+](C)(C)C[C@H](O)CC(=O)[O-]
C[N+](C)(CCO)Cc1ccccc1.[Co+2],C[N+](C)(CCO)Cc1ccccc1
C[N+](CCO)(CCO)Cc1ccccc1.[Co+2],C[N+](CCO)(CCO)Cc1ccccc1
C[S+](C)C.[Co+2],C[S+](C)C
C[n+]1ccn(CCO)c1.[Co+2],C[n+]1ccn(CCO)c1
Cc1cc(C)c(O)c(C)c1.[Co+2],Cc1cc(C)c(O)c(C)c1
Cc1cc(O)c(C(C)C)cc1Cl.[Co+2],Cc1cc(O)c(C(C)C)cc1Cl
Cc1ccc(C(C)C)c(O)c1.[Co+2],Cc1ccc(C(C)C)c(O)c1
Cc1ccc(C(C)C)cc1O.[Co+2],Cc1ccc(C(C)C)cc1O
Cc1ccc(O)cc1C.[Co+2],Cc1ccc(O)cc1C
Cc1ccc(S(=O)(=O)O)cc1.[Co+2],Cc1ccc(S(=O)(=O)O)cc1
Cc1cccc(O)c1C.[Co+2],Cc1cccc(O)c1C
Cc1ccccc1O.[Co+2],Cc1ccccc1O
Clc1ccccc1C[NH+]1CCc2sccc2C1.[Co+2],Clc1ccccc1C[NH+]1CCc2sccc2C1
Cn1cc[n+](CCC2=CC[C@H]3C[C@@H]2C3(C)C)c1.[Co+2],Cn1cc[n+](CCC2=CC[C@H]3C[C@@H]2C3(C)C)c1
F[P-](F)(F)(F)(F)F.[Co+2],F[P-](F)(F)(F)(F)F
Fc1c(F)c(F)c(I)c(I)c1F.[Co+2],Fc1c(F)c(F)c(I)c(I)c1F
Fc1c(F)c(I)c(F)c(F)c1I.[Co+2],Fc1c(F)c(I)c(F)c(F)c1I
Fc1c(F)c(I)c(F)c(I)c1F.[Co+2],Fc1c(F)c(I)c(F)c(I)c1F
Fc1c(I)c(F)c(I)c(F)c1I.[Co+2],Fc1c(I)c(F)c(I)c(F)c1I
N#C[S-].[Co+2],N#C[S-]
N#Cc1ccc(O)cc1.[Co+2],N#Cc1ccc(O)cc1
NC(=O)C(F)(F)F.[Co+2],NC(=O)C(F)(F)F
NC(=O)c1ccccc1.[Co+2],NC(=O)c1ccccc1
NC(=O)c1cccnc1.[Co+2],NC(=O)c1cccnc1
NC(N)=NC(N)=NCCc1ccccc1.[Co+2],NC(N)=NC(N)=NCCc1ccccc1
NC(N)=NCCC[C@H](N)C(=O)O.[Co+2],NC(N)=NCCC[C@H](N)C(=O)O
NC(N)=O.[Co+2],NC(N)=O
NC(N)=S.[Co+2],NC(N)=S
NC=O.[Co+2],NC=O
NCCO.[Co+2],NCCO
N[C@@H](CC(=O)O)C(=O)O.[Co+2],N[C@@H](CC(=O)O)C(=O)O
N[C@@H](CCC(=O)O)C(=O)O.[Co+2],N[C@@H](CCC(=O)O)C(=O)O
N[C@@H](CO)C(=O)O.[Co+2],N[C@@H](CO)C(=O)O
Nc1ccc(S(=O)(=O)Nc2nccs2)cc1.[Co+2],Nc1ccc(S(=O)(=O)Nc2nccs2)cc1
O.[Co+2],O
O=C(O)/C=C/c1ccc(O)c(O)c1.[Co+2],O=C(O)/C=C/c1ccc(O)c(O)c1
O=C(O)C(=O)O.[Co+2],O=C(O)C(=O)O
O=C(O)C(O)(c1ccccc1)c1ccccc1.[Co+2],O=C(O)C(O)(c1ccccc1)c1ccccc1
O=C(O)C(O)C(O)C(=O)O.[Co+2],O=C(O)C(O)C(O)C(=O)O
O=C(O)C1CCCCC1.[Co+2],O=C(O)C1CCCCC1
O=C(O)CC(=O)O.[Co+2],O=C(O)CC(=O)O
O=C(O)CC(CC(=O)O)C(=O)O.[Co+2],O=C(O)CC(CC(=O)O)C(=O)O
O=C(O)CC(O)(CC(=O)O)C(=O)O.[Co+2],O=C(O)CC(O)(CC(=O)O)C(=O)O
O=C(O)CC(O)C(=O)O.[Co+2],O=C(O)CC(O)C(=O)O
O=C(O)CC1CCCCC1.[Co+2],O=C(O)CC1CCCCC1
O=C(O)CCC(=O)O.[Co+2],O=C(O)CCC(=O)O
O=C(O)CCC1CCCCC1.[Co+2],O=C(O)CCC1CCCCC1
O=C(O)CCCC(=O)O.[Co+2],O=C(O)CCCC(=O)O
O=C(O)CCCCC(=O)O.[Co+2],O=C(O)CCCCC(=O)O
O=C(O)CCCCCC(=O)O.[Co+2],O=C(O)CCCCCC(=O)O
O=C(O)CCCCCCC(=O)O.[Co+2],O=C(O)CCCCCCC(=O)O
O=C(O)CCCCc1ccccc1.[Co+2],O=C(O)CCCCc1ccccc1
O=C(O)CCCc1ccccc1.[Co+2],O=C(O)CCCc1ccccc1
O=C(O)CCc1ccccc1.[Co+2],O=C(O)CCc1ccccc1
O=C(O)CO.[Co+2],O=C(O)CO
O=C(O)Cc1ccccc1.[Co+2],O=C(O)Cc1ccccc1
O=C(O)c1cc(O)c(O)c(O)c1.[Co+2],O=C(O)c1cc(O)c(O)c(O)c1
O=C(O)c1ccc(O)cc1.[Co+2],O=C(O)c1ccc(O)cc1
O=C(O)c1ccccc1.[Co+2],O=C(O)c1ccccc1
O=C(O)c1ccccc1O.[Co+2],O=C(O)c1ccccc1O
O=C(Oc1ccccc1)c1ccccc1O.[Co+2],O=C(Oc1ccccc1)c1ccccc1O
O=S(=O)([N-]S(=O)(=O)C(F)(F)F)C(F)(F)F.[Co+2],O=S(=O)([N-]S(=O)(=O)C(F)(F)F)C(F)(F)F
O=S(=O)([O-])O.[Co+2],O=S(=O)([O-])O
OB(O)O.[Co+2],OB(O)O
OC(C(F)(F)F)C(F)(F)F.[Co+2],OC(C(F)(F)F)C(F)(F)F
OC1OC[C@@H](O)[C@H](O)[C@H]1O.[Co+2],OC1OC[C@@H](O)[C@H](O)[C@H]1O
OC1OC[C@H](O)[C@H](O)[C@H]1O.[Co+2],OC1OC[C@H](O)[C@H](O)[C@H]1O
OCC(O)CO.[Co+2],OCC(O)CO
OCC1(O)OC[C@@H](O)[C@@H](O)[C@@H]1O.[Co+2],OCC1(O)OC[C@@H](O)[C@@H](O)[C@@H]1O
OCCCCO.[Co+2],OCCCCO
OCCN(CCO)CCO.[Co+2],OCCN(CCO)CCO
OCCNCCO.[Co+2],OCCNCCO
OCCO.[Co+2],OCCO
OCCOCCOCCO.[Co+2],OCCOCCOCCO
OC[C@@H](O)C(O)[C@@H](O)CO.[Co+2],OC[C@@H](O)C(O)[C@@H](O)CO
OC[C@@H](O)[C@@H](O)CO.[Co+2],OC[C@@H](O)[C@@H](O)CO
OC[C@@H](O)[C@@H](O)[C@H](O)[C@@H](O)CO.[Co+2],OC[C@@H](O)[C@@H](O)[C@H](O)[C@@H](O)CO
OC[C@@H](O)[C@@H](O)[C@H](O)[C@H](O)CO.[Co+2],OC[C@@H](O)[C@@H](O)[C@H](O)[C@H](O)CO
OC[C@@H](O)[C@H](O)[C@@H](O)CO.[Co+2],OC[C@@H](O)[C@H](O)[C@@H](O)CO
OC[C@@H](O)[C@@H](O)CO.[Co+2],OC[C@@H](O)[C@@H](O)CO
OC[C@H]1OC(O)[C@@H](O)[C@@H](O)[C@@H]1O.[Co+2],OC[C@H]1OC(O)[C@@H](O)[C@@H](O)[C@@H]1O
OC[C@H]1OC(O)[C@H](O)[C@@H](O)[C@@H]1O.[Co+2],OC[C@H]1OC(O)[C@H](O)[C@@H](O)[C@@H]1O
OC[C@H]1O[C@@](CO)(O[C@H]2O[C@H](CO)[C@@H](O)[C@H](O)[C@H]2O)[C@@H](O)[C@@H]1O.[Co+2],OC[C@H]1O[C@@](CO)(O[C@H]2O[C@H](CO)[C@@H](O)[C@H](O)[C@H]2O)[C@@H](O)[C@@H]1O
OCc1ccco1.[Co+2],OCc1ccco1
Oc1ccc(-c2ccccc2)cc1.[Co+2],Oc1ccc(-c2ccccc2)cc1
Oc1ccc(O)cc1.[Co+2],Oc1ccc(O)cc1
Oc1ccccc1.[Co+2],Oc1ccccc1
[Br-].[Co+2],[Br-]
[Cl-].[Co+2],[Cl-]
[NH4+].[Co+2],[NH4+]
c1c[nH]cn1.[Co+2],c1c[nH]cn1
c1cnc2c(c1)ccc1cccnc12.[Co+2],c1cnc2c(c1)ccc1cccnc12
