SMILES,LgK1
Cc1cc(O)c(C(=O)O)cc1N=Nc1ccc(S(=O)(=O)O)cc1.[Co+2],6.431267123203744
Nc1ccn([C@@H]2O[C@H](COP(=O)(O)O)[C@@H](O)[C@H]2O)c(=O)n1.[Co+2],2.2615153484994615
c1c[nH]cn1.[Co+2],2.4260694383401598
CNC[C@@H](O)c1ccc(O)c(O)c1.[Co+2],7.725214604228427
NC(CO)C(=O)O.[Co+2],4.43387186378239
c1ccc(CNCCNCc2ccccn2)nc1.[Co+2],12.016187087648166
Nc1ncnc2c1ncn2[C@@H]1O[C@H](COP(=O)(O)O)[C@@H](O)[C@H]1O.[Co+2],2.499002324753101
NCCC(N)C(=O)O.[Co+2],6.818996569375621
Nc1ncnc2c1ncn2[C@@H]1O[C@H](COP(=O)(O)O)[C@@H](O)[C@H]1O.[Co+2],2.499002324753101
O=C(O)CN1CCCN(CC(=O)O)CCN(CC(=O)O)CCCN(CC(=O)O)CC1.[Co+2],16.33625602183656
O=c1cc(CO)occ1O.[Co+2],4.578604146250575
O=C(O)CN(CC(=O)O)C1C(=O)NC(=O)NC1=O.[Co+2],12.552218112462768
CC(ON)C(=O)O.[Co+2],2.348998334301718
NC(CCC(=O)NC(CSSCC(NC(=O)CCC(N)C(=O)O)C(=O)NCC(=O)O)C(=O)NCC(=O)O)C(=O)O.[Co+2],7.203048611810784
O=C(O)CC(O)(C(=O)O)C(=O)O.[Co+2],4.710207224027178
O=c1nc[nH]c2nc[nH]c12.[Co+2],3.395092308506361
Cc1cn([C@@H]2C[C@H](O)[C@@H](CO)O2)c(=O)[nH]c1=O.[Co+2],1.7600148758202194
c1ccc(CNCCNCc2ccccn2)nc1.[Co+2],12.016187087648166
O=C(O)CN(CCN(CC(=O)O)Cc1ccc(CN(CCN(CC(=O)O)CC(=O)O)CC(=O)O)cc1)CC(=O)O.[Co+2],15.865134660657898
CN1CCCN(C)CCOCCN(C)CCC1.[Co+2],5.564643288906332
N[C@H](C(=O)O)[C@@H](O)[C@H](O)[C@H](O)CO.[Co+2],4.219179924052336
NCc1cccc(-c2cccc(CN)n2)n1.[Co+2],10.263611969002886
NC(Cc1cnc[nH]1)C(=O)O.[Co+2],6.786990711764291
Cn1ccnc1C(O)(c1ccccn1)c1nccn1C.[Co+2],5.87268521458167
NC(Cc1cnc[nH]1)C(=O)O.[Co+2],6.786990711764291
CC(O)CN(CCN(CC(C)O)CC(C)O)CC(C)O.[Co+2],6.288576857678103
[Cl-].[Co+2],0.10220547207392397
O=C(O)CCCO.[Co+2],0.668680556311187
Nc1ccc(C(=O)O)c(O)c1.[Co+2],5.971592345667981
O=S([O-])[O-].[Co+2],2.45460875808532
C1CNCCNCCOCCOCCNC1.[Co+2],8.07769427416818
CC(NC(=O)CN(CCN(CC(=O)O)CC(=O)NC(C)c1ccccc1)CC(=O)O)c1ccccc1.[Co+2],8.585627420947766
CC(C)C[C@H](N)C(=O)NC(C)P(=O)(O)O.[Co+2],3.2361944577815267
NCC(=O)O.[Co+2],4.72197168160524
NC(CC(=O)O)C(=O)O.[Co+2],6.131869794288002
Cc1nc(C)c(C)[nH]1.[Co+2],0.718609869419517
C1CN2CCOCCN3CCOCCN(CCO1)CCOCCN(CCOCC2)CCOCC3.[Co+2],7.989642408108904
O=C(O)CN(O)CC(=O)O.[Co+2],5.547525095316128
CCCC(=O)O.[Co+2],0.9143278627898204
O=C(O)c1cc([N+](=O)[O-])cc([N+](=O)[O-])c1O.[Co+2],4.073206707969317
Oc1ccccc1O.[Co+2],8.307566582274822
O=C(O)c1ccccc1O.[Co+2],7.071454794877819
NC[PH](=O)O.[Co+2],2.8858392123240018
O=C(O)CP(c1ccccc1)c1ccccc1.[Co+2],2.0281468947677146
Nc1ncnc2c1ncn2[C@@H]1O[C@H](COP(=O)(O)OP(=O)(O)OP(=O)(O)O)[C@@H](O)[C@H]1O.[Co+2],4.721449106335292
O=C(O)CN(CC(=O)O)CC(=O)O.[Co+2],9.709606170754435
O=P(O)(O)OCC(O)CO.[Co+2],1.7937236114249075
COc1ccc2ncccc2c1.[Co+2],2.167186120768246
Oc1ccccc1O.[Co+2],8.307566582274822
CCC(N)C(=O)O.[Co+2],4.198285341626409
O=C(O)CCSCCC(=O)O.[Co+2],2.3682391289740883
O=[N+]([O-])c1ccc(O)c(O)c1.[Co+2],7.366134224098363
O=P(O)(O)Cc1nc2ccccc2[nH]1.[Co+2],4.846198287532439
O=P(O)(O)CN(CCN(CP(=O)(O)O)CP(=O)(O)O)CP(=O)(O)O.[Co+2],16.377834542117423
Brc1ccncc1.[Co+2],1.0827038988206386
CC(C)NCCNCc1ccc2ccc3ccc(CNCCNC(C)C)nc3c2n1.[Co+2],12.792238883442597
c1cn[nH]c1.[Co+2],0.9949599278843069
OP(O)CN(CCN(CP(O)O)CP(O)O)CP(O)O.[Co+2],6.838061444401281
Cc1cc[nH]n1.[Co+2],1.103518443195421
NC(CO)C(=O)O.[Co+2],4.43387186378239
CN(C)CCN(Cc1ccccc1)c1ccccn1.[Co+2],3.0124706371115524
NCc1ccccn1.[Co+2],5.33298167357984
O=C(O)CNC(CO)(CO)CO.[Co+2],4.855402983660937
Cc1c[nH]c(=O)[nH]c1=O.[Co+2],4.247553841653411
O=C(O)CCC(=O)NCCNC(=O)CCC(=O)O.[Co+2],5.638500761141805
O=C(O)CC(O)C(=O)O.[Co+2],3.7769870958540133
NC(CSSCC(N)C(=O)NCC(=O)O)C(=O)NCC(=O)O.[Co+2],2.8983557754360953
O=C(O)CSCC(=O)O.[Co+2],3.083765598297499
O=C(O)c1cc(=O)[nH]c(=O)[nH]1.[Co+2],6.089280937701321
CC(=O)NO.[Co+2],5.321999022954559
CCCCn1ccnc1CO.[Co+2],2.1678563541554148
NC(CO)C(=O)O.[Co+2],4.43387186378239
O=C(O)CN(CCO)CCO.[Co+2],4.838749586479091
CCN(CC)CCC(O)(P(=O)(O)O)P(=O)(O)O.[Co+2],9.135795276733266
O=C(O)CCO.[Co+2],0.7141897400703853
O=C(O)[C@@H](O)[C@@H](O)[C@H](O)[C@@H](O)C(=O)O.[Co+2],3.659603198205457
NCC(=O)O.[Co+2],4.72197168160524
O=C(O)CN1CCOCCN(CC(=O)O)CCN(CC(=O)O)CCN(CC(=O)O)CC1.[Co+2],17.04159686580787
O=C(O)CCN1CCOCCN(CCC(=O)O)CCN(CCC(=O)O)CCOCC1.[Co+2],14.053252309670953
O=C(NO)c1ccccc1O.[Co+2],6.234068913013361
CC(C)(C)c1ccncc1.[Co+2],1.4433044274818119
Nc1nncs1.[Co+2],0.9122273877634063
CCCC(=O)O.[Co+2],0.9143278627898204
[Cl-].[Co+2],0.10220547207392397
C1CNCCOCCOCCNCCN1.[Co+2],8.265504703727652
NCP(=O)(O)c1ccccc1.[Co+2],2.2305869200576884
NCC(=O)NCP(=O)(O)c1ccccc1.[Co+2],3.1646292504743885
Cc1cncc(C)c1.[Co+2],1.396780513960649
O=C(O)CC(=O)O.[Co+2],2.706949003007813
Cc1cccc(C(O)S(=O)(=O)O)n1.[Co+2],3.9501604449472447
O=C(O)c1ccccc1N=Cc1ccco1.[Co+2],3.455316450640022
O=C(O)CC(O)C(=O)O.[Co+2],3.7769870958540133
Cc1nc(C(O)(c2nc(C)c(C)[nH]2)c2nc(C)c(C)[nH]2)[nH]c1C.[Co+2],8.476141231778318
C1COCCNCCOCCOCCN1.[Co+2],3.7904397066317133
c1ccc(-c2ccccn2)nc1.[Co+2],5.624314869516037
NC(=O)CN(CC(=O)O)CC(=O)O.[Co+2],6.848250351330121
NCCN1CCCN(CCN)CC1.[Co+2],9.516368031086191
O=C(O)CC(O)C(O)C(O)C(O)C1NC(C(=O)O)CS1.[Co+2],3.6463924801120013
c1ccc(CNCCNCc2ccccn2)nc1.[Co+2],12.016187087648166
NC(Cc1ccccc1)C(=O)O.[Co+2],4.1313876964980984
CC(C)(C(=O)O)C(=O)O.[Co+2],1.907824740859891
c1c[nH]cn1.[Co+2],2.4260694383401598
CN(CC(=O)O)CC(=O)O.[Co+2],7.508775925341084
C1CCNCCNCCNC1.[Co+2],8.573772391300285
OCCSCCO.[Co+2],-0.3103101778001598
CC(C)C[C@H](NC(=O)[C@@H](N)Cc1ccccc1)C(=O)O.[Co+2],2.2755735374088695
O=S(=O)(O)CCN=Cc1ccc[nH]1.[Co+2],9.21595415492467
O=C(O)Cc1ccccn1.[Co+2],2.687867065334628
c1ccc(-c2ccccn2)nc1.[Co+2],5.624314869516037
NC(CO)(CO)CO.[Co+2],1.9405972286941235
NCCc1c[nH]c(S)n1.[Co+2],6.99881398578359
C1COCCOCCNCCOCCOCCN1.[Co+2],3.1593446073186313
O=C(O)CN1CCCN(CC(=O)O)CCCN(CC(=O)O)CCN(CC(=O)O)CCC1.[Co+2],13.930949606523352
NC(Cc1c[nH]c2ccccc12)C(=O)O.[Co+2],4.397962193895107
Nc1ccn(C2OC(COP(=O)(O)OP(=O)(O)O)C(O)C2O)c(=O)n1.[Co+2],3.2552483274792055
O=C(O)CNCC(=O)O.[Co+2],6.871793787912557
Cn1cnc2cncnc21.[Co+2],0.9845006210603875
Nc1nc2c(ncn2[C@@H]2O[C@H](COP(=O)(O)O)[C@@H](O)[C@H]2O)c(=O)[nH]1.[Co+2],2.502979807296464
NCCc1cnc[nH]1.[Co+2],5.440902556848576
O=C(O)CCCCC(=O)O.[Co+2],1.3999734937821313
NC(CC(=O)O)C(=O)O.[Co+2],6.131869794288002
O=C(O)CCC(=O)O.[Co+2],1.8544317996212378
C1CNCCCNCCOCCNC1.[Co+2],8.27363930316297
OC[C@H]1O[C@@H](n2cnc3cncnc32)[C@H](O)[C@@H]1O.[Co+2],0.8413110874322245
N[C@@H](CS)C(=O)NCC(=O)O.[Co+2],6.872146935125967
c1cn[nH]c1.[Co+2],0.9949599278843069
CCC(=O)O.[Co+2],0.8189520643516179
CCCN.[Co+2],2.43303314249726
NCC(CN)(CN)CN.[Co+2],8.041853297210814
NC(CC(=O)O)C(=O)O.[Co+2],6.131869794288002
CNCc1cccc(C)n1.[Co+2],3.445100626491898
CC(=O)c1ccc(-n2ccnc2)cc1.[Co+2],2.086743119858041
O=c1ccn(C2OC(CO)C(O)C2O)c(=O)[nH]1.[Co+2],2.560385804294806
C1CNCCCNCCOCCOCCNC1.[Co+2],6.888740708539669
Cc1cn[nH]c1.[Co+2],1.3538510298124813
O=P(O)(O)Cc1ccccc1NCCNc1ccccc1CP(=O)(O)O.[Co+2],10.819484144369536
N#C[S-].[Co+2],0.9190418685623254
C=Cn1ccnc1C.[Co+2],1.7101581165293833
O=C(O)CN(CC(=O)O)CC(O)CN(CC(=O)O)CC(=O)O.[Co+2],14.302938993478268
c1cnc2c(c1)ccc1cccnc12.[Co+2],6.927120599844604
Fc1cc(F)c(F)c(-n2ccnc2)c1F.[Co+2],1.733799236160467
NC(=O)NC(N)=O.[Co+2],10.394597508013366
C[C@@H](N)[C@@H](C)N.[Co+2],5.78489473518991
O=C(O)CN(CCN(CCN(CC(=O)O)CC(=O)O)CC(=O)O)CCN(CCN(CC(=O)O)CC(=O)O)CC(=O)O.[Co+2],17.128175364344827
Nc1ncn[nH]1.[Co+2],4.926629282755776
c1ccc2c(C3=NCCN3)nccc2c1.[Co+2],6.394023218358505
Nc1ncnc2c1ncn2[C@@H]1O[C@H](COP(=O)(O)O)[C@@H](O)[C@H]1O.[Co+2],2.499002324753101
NC(=O)c1cccnc1.[Co+2],1.046590341464561
Nc1ccn(C2OC(CO)C(O)C2O)c(=O)n1.[Co+2],0.7172953703121671
